Workbook

Sheet param_list_and_type
A1: area | B1: component | C1: id | D1: label | E1: type | F1: adult_inf | G1: infant_inf | H1: first_90 | I1: sec_90 | J1: third_90 | K1: deaths
A2: TREATMENT | B2: art_cont | C2: art_provision | D2: ART provision for all | E2: coverage | F2: X | I2: X | J2: X | K2: X | L2: include cotrimoxazole here
A3: TREATMENT | B3: art_cont | C3: mmd | D3: MMD (multi-month dispensing) | E3: coverage | F3: X | I3: X | J3: X
A4: TREATMENT | B4: art_cont | C4: dsd | D4: DSD (differentiated service delivery) | E4: coverage | F4: X | I4: X | J4: X
A5: TREATMENT | B5: oi_prophylaxis | C5: cotrim | D5: Cotrimoxazole prophylaxis | E5: coverage | K5: X
A6: TREATMENT | B6: art_init | C6: art_init | D6: ART initiation (and re-initiation) | E6: absolute | F6: X | G6: X | I6: X | J6: X | K6: X | L6: I'm wondering actually if the elements that are chained may affect fewer outcomes?
A7: TREATMENT | B7: vl_monitoring | C7: vl_targeted | D7: VL monitoring: suspected failure | E7: absolute | J7: X | L7: For example we know ART impacts mortality, but first it impacts viral suppression
A8: TREATMENT | B8: vl_monitoring | C8: vl_routine | D8: Routine VL monitoring | E8: absolute | J8: X | L8: and that’s theparameter that impacts mortality? Rather than both simultaneously
A9: TREATMENT | B9: oi_managment | C9: oi_tb_test | D9: OI: TB testing for symptomatic | E9: absolute | K9: X
A10: TREATMENT | B10: oi_managment | C10: oi_tb_tpt | D10: OI: TB preventive therapy (TPT) | E10: coverage | K10: X
A11: TREATMENT | B11: oi_managment | C11: oi_tb_tx | D11: OI: TB treatment | E11: coverage | K11: X
A12: TREATMENT | B12: oi_managment | C12: oi_crypto_tx | D12: OI: Cryptococcal treatment | E12: coverage | K12: X
A13: TREATMENT | B13: ahd | C13: ahd_lam | D13: AHD: LAM for Stage 3/4 / seriously ill | E13: absolute | K13: X
A14: TREATMENT | B14: ahd | C14: ahd_crag | D14: AHD: CRAG for Stage 3/4 / IPD | E14: absolute | K14: X
A15: TREATMENT | B15: ahd | C15: ahd_cd4 | D15: AHD: CD4 testing | E15: absolute | K15: X
A16: TREATMENT | B16: ahd | C16: ahd_flucon | D16: AHD: Pre-emptive fluconazole | E16: absolute | K16: X
A17: TREATMENT | B17: tracking | C17: tracking_total | D17: Tracking & tracing (total) | E17: absolute (number of calls)? Not sure | I17: X | J17: X | K17: X
A18: TREATMENT | B18: psychoscocial | C18: fac_education | D18: Facility Patient Education | E18: coverage | I18: X | J18: X | K18: X
A19: TREATMENT | B19: psychoscocial | C19: adh_couns | D19: Adherence Counselling | E19: coverage | I19: X | J19: X | K19: X
A20: TREATMENT | B20: psychoscocial | C20: psychosocial | D20: Psychosocial support / counselling | E20: coverage | I20: X | J20: X | K20: X
A21: TESTING | B21: test_facility | C21: test_facility | D21: Testing: facility-based | E21: absolute | H21: X | I21: X
A22: TESTING | B22: test_community | C22: test_community | D22: Testing: community-based | E22: absolute | H22: X | I22: X
A23: TESTING | B23: test_kpsti | C23: test_kpsti | D23: Testing: key populations & STI services | E23: absolute | H23: X | I23: X
A24: TESTING | B24: hivst | C24: hivst_fac | D24: HIVST (Facility-based) | E24: absolute | H24: X | I24: X
A25: TESTING | B25: hivst | C25: hivst_com | D25: HIVST (community-based) | E25: absolute | H25: X | I25: X
A26: PREVENTION | B26: infant_prophylaxis | C26: infant_proph | D26: Infant prophylaxis | E26: absolute | G26: X
A27: PREVENTION | B27: pep | C27: pep | D27: PEP | E27: absolute | F27: X | L27: For all prevention we may need elemenst of adherence or uptake alonside effect
A28: PREVENTION | B28: condoms | C28: condoms | D28: Condom availability | E28: absolute | F28: X | L28: e.g if 70% of those eligble for prep inititate, 80% adhere and theres a 90% effectiveness
A29: PREVENTION | B29: prep | C29: prep_oral | D29: PrEP (oral) | E29: coverage | F29: X | L29: pop_prep
A30: PREVENTION | B30: prep | C30: prep_cabla | D30: PrEP (CAB-LA) | E30: coverage | F30: X
A31: PREVENTION | B31: prep | C31: prep_len | D31: PrEP (Lenacapavir) | E31: coverage | F31: X
A32: PREVENTION | B32: vmmc | C32: vmmc | D32: VMMC | E32: absolute? | F32: X
A33: ANC | B33: anc_hiv_test | D33: ANC: HIV testing | E33: coverage | G33: X | H33: X
A34: ANC | B34: eID | D34: EID (early infant diagnosis) | E34: coverage | H34: X | J34: X
A35: ANC | B35: anc_vl_testing | D35: ANC: Viral Load Testing | E35: coverage | G35: X | I35: X

Sheet tier_plus_updated
E1: Type: if 'absolute' the user can enter the precise number of services provided (e.g. 1.1million tests, 50,000 VMMCs, etc) | F1: Outcome affected
A2: area | B2: component | C2: label | D2: Interval | E2: type | F2: adult infections | G2: infant infections | H2: first 95 | I2: second 95 | J2: third 95 | K2: mortality
A3: TREATMENT | B3: art_cont | C3: ART provision for all | E3: coverage | F3: X | I3: X | J3: X | K3: X
A4: TREATMENT | B4: art_cont | C4: MMD (multi-month dispensing) | D4: 3, 6, 12 months | E4: coverage | F4: X | I4: X | J4: X
A5: TREATMENT | B5: oi_prophylaxis | C5: Cotrimoxazole prophylaxis | E5: coverage | K5: X
A6: TREATMENT | B6: art_init | C6: ART initiation (and re-initiation) | E6: absolute | F6: X | G6: X | I6: X | J6: X | K6: X
A7: TREATMENT | B7: vl_monitoring | C7: VL monitoring: suspected failure | E7: absolute | J7: X
A8: TREATMENT | B8: vl_monitoring | C8: Routine VL monitoring | D8: every 12 or 24 months | E8: coverage | J8: X
A9: TREATMENT | B9: oi_managment | C9: Test for and treat Ois | E9: coverage | K9: X
A10: TREATMENT | B10: ahd | C10: AHD testing package (LAM, CrAG, CD4, fluconazole) | E10: absolute | K10: X
A11: TREATMENT | B11: tracking | C11: Tracking & tracing (total) | E11: coverage | I11: X | J11: X | K11: X
A12: TREATMENT | B12: psychoscocial | C12: Adherence Counselling/ psychosocial support | E12: coverage | I12: X | J12: X | K12: X
A13: TESTING | B13: test_facility | C13: Testing: facility-based | E13: absolute | H13: X | I13: X
A14: TESTING | B14: test_community | C14: Testing: community-based | E14: absolute | H14: X | I14: X
A15: TESTING | B15: test_kpsti | C15: Testing: for key populations & STI services | E15: absolute | H15: X | I15: X
A16: TESTING | B16: hivst | C16: HIVST (Facility-based) | E16: absolute | H16: X | I16: X
A17: TESTING | B17: hivst | C17: HIVST (community-based) | E17: absolute | H17: X | I17: X
A18: PREVENTION | B18: infant_prophylaxis | C18: Infant prophylaxis | E18: coverage | G18: X
A19: PREVENTION | B19: pep | C19: PEP | E19: absolute | F19: X
A20: PREVENTION | B20: condoms | C20: Condom availability | E20: absolute | F20: X
A21: PREVENTION | B21: prep | C21: PrEP (oral), person years | E21: absolute | F21: X
A22: PREVENTION | B22: prep | C22: PrEP (Lenacapavir), person years | E22: absolute | F22: X
A23: PREVENTION | B23: vmmc | C23: VMMC | E23: absolute | F23: X
A24: ANC | B24: anc_hiv_test | C24: ANC: HIV testing | E24: coverage | G24: X | H24: X
A25: ANC | B25: EID | C25: EID (early infant diagnosis) | E25: coverage | H25: X | K25: X
A26: ANC | B26: anc_vl_testing | C26: ANC: Viral Load Testing | E26: coverage | G26: X | J26: X
A29: https://bushare-my.sharepoint.com/:x:/g/personal/brooken_bu_edu/IQCrAqcnpglYQbFHxzN39mrIAddSipC0bePCNG6CgXoCMBk?e=5xvACO

Sheet tier_plus_30Jan
E1: Type: if 'absolute' the user can enter the precise number of services provided (e.g. 1.1million tests, 50,000 VMMCs, etc) | F1: Outcome affected
A2: area | B2: component | C2: label | D2: Interval | E2: type | F2: adult infections | G2: infant infections | H2: first 95 | I2: second 95 | J2: third 95 | K2: mortality
A3: TREATMENT | B3: art_cont | C3: ART provision for all | E3: coverage | F3: X | I3: X | J3: X | K3: X
A4: TREATMENT | B4: art_cont | C4: MMD (multi-month dispensing) | D4: 3, 6, 12 months | E4: coverage | F4: X | I4: X | J4: X
A5: TREATMENT | B5: oi_prophylaxis | C5: Cotrimoxazole prophylaxis (according to guidelines) | E5: coverage | K5: X
A6: TREATMENT | B6: art_init | C6: ART initiation (and re-initiation) | E6: absolute | F6: X | G6: X | I6: X | J6: X | K6: X
A7: TREATMENT | B7: vl_monitoring | C7: VL monitoring: suspected failure | E7: absolute | F7: X | J7: X | K7: X
A8: TREATMENT | B8: vl_monitoring | C8: Routine VL monitoring | D8: every 12 or 24 months | E8: coverage | F8: X | J8: X | K8: X
A9: TREATMENT | B9: tb_test_treat | C9: TB Screening and Treatment | E9: coverage | K9: X
A10: TREATMENT | B10: tpt | C10: TPT provision | E10: coverage | K10: X
A11: TREATMENT | B11: ahd | C11: AHD testing and prophylaxis package (LAM, CrAG, CD4, fluconazole) | E11: absolute | K11: X
A12: TREATMENT | B12: tracking | C12: Tracking & tracing (total) | E12: coverage | F12: X | I12: X | J12: X | K12: X
A13: TREATMENT | B13: cags | C13: Community ART Groups | E13: coverage | F13: X | I13: X | J13: X
A14: TREATMENT | B14: psychoscocial | C14: Adherence Counselling/ psychosocial support | E14: coverage | I14: X | J14: X | K14: X
A15: TESTING | B15: test_facility | C15: Testing: facility-based (general) | E15: absolute | H15: X | I15: X | J15: X
A16: TESTING | B16: test_facility | C16: Testing: facility-based (targeted) | E16: absolute | H16: X | I16: X | J16: X
A17: TESTING | B17: test_facility | C17: Testing: Network/Index | E17: absolute | H17: X | I17: X | J17: X
A18: TESTING | B18: test_community | C18: Testing: community-based | E18: absolute | H18: X | I18: X | J18: X
A19: TESTING | B19: test_kpsti | C19: Testing: for key populations & STI services | E19: absolute | H19: X | I19: X | J19: X
A20: TESTING | B20: hivst | C20: HIVST (Facility-based) | E20: absolute | H20: X | I20: X | J20: X
A21: TESTING | B21: hivst | C21: HIVST (community-based) | E21: absolute | H21: X | I21: X | J21: X
A22: PREVENTION | B22: infant_prophylaxis | C22: Infant prophylaxis | E22: coverage | G22: X
A23: PREVENTION | B23: pep | C23: PEP | E23: absolute | F23: X
A24: PREVENTION | B24: condoms | C24: Condom availability | E24: absolute | F24: X
A25: PREVENTION | B25: prep | C25: PrEP (oral), person years | E25: absolute | F25: X
A26: PREVENTION | B26: prep | C26: PrEP (Lenacapavir), person years | E26: absolute | F26: X
A27: PREVENTION | B27: vmmc | C27: VMMC | E27: absolute | F27: X
A28: ANC | B28: anc_hiv_test | C28: ANC: HIV testing | E28: coverage | G28: X | H28: X
A29: ANC | B29: EID | C29: EID (early infant diagnosis) | E29: coverage | H29: X | K29: X
A30: ANC | B30: anc_vl_testing | C30: ANC: Viral Load Testing | E30: coverage | G30: X | J30: X
A31: PNC | B31: pnc_hiv_test | C31: PNC: HIV testing | E31: coverage | G31: X | H31: X
A32: PNC | B32: pnc_vl_testing | C32: PNC: Viral Load Testing | E32: coverage | G32: X | J32: X
A33: PNC | B33: pnc_art_cont | C33: PNC: ART continuation | E33: coverage | F33: X | G33: X | I33: X | J33: X | K33: X

Sheet baseline_data
A1: Type | B1: Variables
A2: Epidemic params | B2: PLHIV
A3: Epidemic params | B3: # Diagnosed
A4: Epidemic params | B4: # On ART
A5: Epidemic params | B5: #Virally Suppressed
A6: Epidemic params | B6: HIV/TB coinfection rate
A7: Epidemic params | B7: HIV/cryptococcal co-infection rate
A8: Epidemic params | B8: Something like loss to follow-up?
A9: Epidemic params | B9: Proportion AHD
A10: Epidemic params | B10: Something about the number of individuals eligible for DSD?
A11: Epidemic params | B11: MMD availability (1 month/ 3 month/6 month)
A12: Epidemic params | B12: Percentage indiviudals requiring psychosocial support
... A17: Population denoms | B17: Adult population reached by services
A18: Population denoms | B18: Pregnant population | E18: is this HIV + pregnant population?
A19: Population denoms | B19: Infant population
A20: Population denoms | B20: Population receiving prep
A22: Some value around those at risk of failure and in need of adherence (althohgh this could be all those not virally suppressed)
A23: Shouold everyone get psychosocial counselling - not everyone may need so would only impact a proprtion of the pop but I am unsure what that denominator would be
A24: ^ maybe for this, we could do a coverage thing, where we say that some percent of people need psychosocial counselling, and then coverage goes from 0-100. (maybe we can find in literature)

Sheet params_effect
A1: area | B1: component | C1: id | D1: label | E1: outcome | F1: incremental_effect | G1: effect_value | H1: effect_calc | I1: notes | J1: source
A2: TREATMENT | B2: art_cont | C2: art_provision | D2: ART provision for all | E2: adult_inf | F2: {=IF( INDEX( param_list_and_type!$F:$K, MATCH(1, (param_list_and_type!$A:$A=A2)* (param_list_and_type!$B:$B=B2)* (param_list_and_type!$C:$C=C2), 0), MATCH(E2, param_list_and_type!$F$1:$K$1, 0) )="X", "Yes", "No" )} -> Yes | I2: 93% reduction in transmission among those adherent on ART | J2: (HPTN 052 study) | L2: Things not in og app mock-up
A3: TREATMENT | B3: art_cont | C3: art_provision | D3: ART provision for all | E3: infant_inf | F3: {=IF( INDEX( param_list_and_type!$F:$K, MATCH(1, (param_list_and_type!$A:$A=A3)* (param_list_and_type!$B:$B=B3)* (param_list_and_type!$C:$C=C3), 0), MATCH(E3, param_list_and_type!$F$1:$K$1, 0) )="X", "Yes", "No" )} -> No | G3: 0
A4: TREATMENT | B4: art_cont | C4: art_provision | D4: ART provision for all | E4: first_90 | F4: {=IF( INDEX( param_list_and_type!$F:$K, MATCH(1, (param_list_and_type!$A:$A=A4)* (param_list_and_type!$B:$B=B4)* (param_list_and_type!$C:$C=C4), 0), MATCH(E4, param_list_and_type!$F$1:$K$1, 0) )="X", "Yes", "No" )} -> No | G4: 0 | K4: 0 | L4: indicates there was no effect (based on original X's)
A5: TREATMENT | B5: art_cont | C5: art_provision | D5: ART provision for all | E5: sec_90 | F5: {=IF( INDEX( param_list_and_type!$F:$K, MATCH(1, (param_list_and_type!$A:$A=A5)* (param_list_and_type!$B:$B=B5)* (param_list_and_type!$C:$C=C5), 0), MATCH(E5, param_list_and_type!$F$1:$K$1, 0) )="X", "Yes", "No" )} -> Yes
A6: TREATMENT | B6: art_cont | C6: art_provision | D6: ART provision for all | E6: third_90 | F6: {=IF( INDEX( param_list_and_type!$F:$K, MATCH(1, (param_list_and_type!$A:$A=A6)* (param_list_and_type!$B:$B=B6)* (param_list_and_type!$C:$C=C6), 0), MATCH(E6, param_list_and_type!$F$1:$K$1, 0) )="X", "Yes", "No" )} -> Yes
A7: TREATMENT | B7: art_cont | C7: art_provision | D7: ART provision for all | E7: deaths | F7: {=IF( INDEX( param_list_and_type!$F:$K, MATCH(1, (param_list_and_type!$A:$A=A7)* (param_list_and_type!$B:$B=B7)* (param_list_and_type!$C:$C=C7), 0), MATCH(E7, param_list_and_type!$F$1:$K$1, 0) )="X", "Yes", "No" )} -> Yes
A8: TREATMENT | B8: art_cont | C8: mmd | D8: MMD (multi-month dispensing) | E8: adult_inf | F8: {=IF( INDEX( param_list_and_type!$F:$K, MATCH(1, (param_list_and_type!$A:$A=A8)* (param_list_and_type!$B:$B=B8)* (param_list_and_type!$C:$C=C8), 0), MATCH(E8, param_list_and_type!$F$1:$K$1, 0) )="X", "Yes", "No" )} -> Yes
A9: TREATMENT | B9: art_cont | C9: mmd | D9: MMD (multi-month dispensing) | E9: infant_inf | F9: {=IF( INDEX( param_list_and_type!$F:$K, MATCH(1, (param_list_and_type!$A:$A=A9)* (param_list_and_type!$B:$B=B9)* (param_list_and_type!$C:$C=C9), 0), MATCH(E9, param_list_and_type!$F$1:$K$1, 0) )="X", "Yes", "No" )} -> No | G9: 0
A10: TREATMENT | B10: art_cont | C10: mmd | D10: MMD (multi-month dispensing) | E10: first_90 | F10: {=IF( INDEX( param_list_and_type!$F:$K, MATCH(1, (param_list_and_type!$A:$A=A10)* (param_list_and_type!$B:$B=B10)* (param_list_and_type!$C:$C=C10), 0), MATCH(E10, param_list_and_type!$F$1:$K$1, 0) )="X", "Yes", "No" )} -> No | G10: 0
A11: TREATMENT | B11: art_cont | C11: mmd | D11: MMD (multi-month dispensing) | E11: sec_90 | F11: {=IF( INDEX( param_list_and_type!$F:$K, MATCH(1, (param_list_and_type!$A:$A=A11)* (param_list_and_type!$B:$B=B11)* (param_list_and_type!$C:$C=C11), 0), MATCH(E11, param_list_and_type!$F$1:$K$1, 0) )="X", "Yes", "No" )} -> Yes | I11: 4%-9% increase in retention over the SOC for 3-6 MMD | J11: Malawi& Zambia: https://www.sciencedirect.com/science/article/pii/S2214109X21000395
A12: TREATMENT | B12: art_cont | C12: mmd | D12: MMD (multi-month dispensing) | E12: third_90 | F12: {=IF( INDEX( param_list_and_type!$F:$K, MATCH(1, (param_list_and_type!$A:$A=A12)* (param_list_and_type!$B:$B=B12)* (param_list_and_type!$C:$C=C12), 0), MATCH(E12, param_list_and_type!$F$1:$K$1, 0) )="X", "Yes", "No" )} -> Yes
A13: TREATMENT | B13: art_cont | C13: mmd | D13: MMD (multi-month dispensing) | E13: deaths | F13: {=IF( INDEX( param_list_and_type!$F:$K, MATCH(1, (param_list_and_type!$A:$A=A13)* (param_list_and_type!$B:$B=B13)* (param_list_and_type!$C:$C=C13), 0), MATCH(E13, param_list_and_type!$F$1:$K$1, 0) )="X", "Yes", "No" )} -> No | G13: 0
A14: TREATMENT | B14: art_cont | C14: dsd | D14: DSD (differentiated service delivery) | E14: adult_inf | F14: {=IF( INDEX( param_list_and_type!$F:$K, MATCH(1, (param_list_and_type!$A:$A=A14)* (param_list_and_type!$B:$B=B14)* (param_list_and_type!$C:$C=C14), 0), MATCH(E14, param_list_and_type!$F$1:$K$1, 0) )="X", "Yes", "No" )} -> Yes
A15: TREATMENT | B15: art_cont | C15: dsd | D15: DSD (differentiated service delivery) | E15: infant_inf | F15: {=IF( INDEX( param_list_and_type!$F:$K, MATCH(1, (param_list_and_type!$A:$A=A15)* (param_list_and_type!$B:$B=B15)* (param_list_and_type!$C:$C=C15), 0), MATCH(E15, param_list_and_type!$F$1:$K$1, 0) )="X", "Yes", "No" )} -> No | G15: 0
A16: TREATMENT | B16: art_cont | C16: dsd | D16: DSD (differentiated service delivery) | E16: first_90 | F16: {=IF( INDEX( param_list_and_type!$F:$K, MATCH(1, (param_list_and_type!$A:$A=A16)* (param_list_and_type!$B:$B=B16)* (param_list_and_type!$C:$C=C16), 0), MATCH(E16, param_list_and_type!$F$1:$K$1, 0) )="X", "Yes", "No" )} -> No | G16: 0
A17: TREATMENT | B17: art_cont | C17: dsd | D17: DSD (differentiated service delivery) | E17: sec_90 | F17: {=IF( INDEX( param_list_and_type!$F:$K, MATCH(1, (param_list_and_type!$A:$A=A17)* (param_list_and_type!$B:$B=B17)* (param_list_and_type!$C:$C=C17), 0), MATCH(E17, param_list_and_type!$F$1:$K$1, 0) )="X", "Yes", "No" )} -> Yes
A18: TREATMENT | B18: art_cont | C18: dsd | D18: DSD (differentiated service delivery) | E18: third_90 | F18: {=IF( INDEX( param_list_and_type!$F:$K, MATCH(1, (param_list_and_type!$A:$A=A18)* (param_list_and_type!$B:$B=B18)* (param_list_and_type!$C:$C=C18), 0), MATCH(E18, param_list_and_type!$F$1:$K$1, 0) )="X", "Yes", "No" )} -> Yes
A19: TREATMENT | B19: art_cont | C19: dsd | D19: DSD (differentiated service delivery) | E19: deaths | F19: {=IF( INDEX( param_list_and_type!$F:$K, MATCH(1, (param_list_and_type!$A:$A=A19)* (param_list_and_type!$B:$B=B19)* (param_list_and_type!$C:$C=C19), 0), MATCH(E19, param_list_and_type!$F$1:$K$1, 0) )="X", "Yes", "No" )} -> No | G19: 0
A20: TREATMENT | B20: oi_prophylaxis | C20: cotrim | D20: Cotrimoxazole prophylaxis | E20: adult_inf | F20: {=IF( INDEX( param_list_and_type!$F:$K, MATCH(1, (param_list_and_type!$A:$A=A20)* (param_list_and_type!$B:$B=B20)* (param_list_and_type!$C:$C=C20), 0), MATCH(E20, param_list_and_type!$F$1:$K$1, 0) )="X", "Yes", "No" )} -> No | G20: 0
A21: TREATMENT | B21: oi_prophylaxis | C21: cotrim | D21: Cotrimoxazole prophylaxis | E21: infant_inf | F21: {=IF( INDEX( param_list_and_type!$F:$K, MATCH(1, (param_list_and_type!$A:$A=A21)* (param_list_and_type!$B:$B=B21)* (param_list_and_type!$C:$C=C21), 0), MATCH(E21, param_list_and_type!$F$1:$K$1, 0) )="X", "Yes", "No" )} -> No | G21: 0
A22: TREATMENT | B22: oi_prophylaxis | C22: cotrim | D22: Cotrimoxazole prophylaxis | E22: first_90 | F22: {=IF( INDEX( param_list_and_type!$F:$K, MATCH(1, (param_list_and_type!$A:$A=A22)* (param_list_and_type!$B:$B=B22)* (param_list_and_type!$C:$C=C22), 0), MATCH(E22, param_list_and_type!$F$1:$K$1, 0) )="X", "Yes", "No" )} -> No | G22: 0
A23: TREATMENT | B23: oi_prophylaxis | C23: cotrim | D23: Cotrimoxazole prophylaxis | E23: sec_90 | F23: {=IF( INDEX( param_list_and_type!$F:$K, MATCH(1, (param_list_and_type!$A:$A=A23)* (param_list_and_type!$B:$B=B23)* (param_list_and_type!$C:$C=C23), 0), MATCH(E23, param_list_and_type!$F$1:$K$1, 0) )="X", "Yes", "No" )} -> No | G23: 0
A24: TREATMENT | B24: oi_prophylaxis | C24: cotrim | D24: Cotrimoxazole prophylaxis | E24: third_90 | F24: {=IF( INDEX( param_list_and_type!$F:$K, MATCH(1, (param_list_and_type!$A:$A=A24)* (param_list_and_type!$B:$B=B24)* (param_list_and_type!$C:$C=C24), 0), MATCH(E24, param_list_and_type!$F$1:$K$1, 0) )="X", "Yes", "No" )} -> No | G24: 0
A25: TREATMENT | B25: oi_prophylaxis | C25: cotrim | D25: Cotrimoxazole prophylaxis | E25: deaths | F25: {=IF( INDEX( param_list_and_type!$F:$K, MATCH(1, (param_list_and_type!$A:$A=A25)* (param_list_and_type!$B:$B=B25)* (param_list_and_type!$C:$C=C25), 0), MATCH(E25, param_list_and_type!$F$1:$K$1, 0) )="X", "Yes", "No" )} -> Yes
A26: TREATMENT | B26: art_init | C26: art_init | D26: ART initiation (and re-initiation) | E26: adult_inf | F26: {=IF( INDEX( param_list_and_type!$F:$K, MATCH(1, (param_list_and_type!$A:$A=A26)* (param_list_and_type!$B:$B=B26)* (param_list_and_type!$C:$C=C26), 0), MATCH(E26, param_list_and_type!$F$1:$K$1, 0) )="X", "Yes", "No" )} -> Yes
A27: TREATMENT | B27: art_init | C27: art_init | D27: ART initiation (and re-initiation) | E27: infant_inf | F27: {=IF( INDEX( param_list_and_type!$F:$K, MATCH(1, (param_list_and_type!$A:$A=A27)* (param_list_and_type!$B:$B=B27)* (param_list_and_type!$C:$C=C27), 0), MATCH(E27, param_list_and_type!$F$1:$K$1, 0) )="X", "Yes", "No" )} -> Yes
A28: TREATMENT | B28: art_init | C28: art_init | D28: ART initiation (and re-initiation) | E28: first_90 | F28: {=IF( INDEX( param_list_and_type!$F:$K, MATCH(1, (param_list_and_type!$A:$A=A28)* (param_list_and_type!$B:$B=B28)* (param_list_and_type!$C:$C=C28), 0), MATCH(E28, param_list_and_type!$F$1:$K$1, 0) )="X", "Yes", "No" )} -> No | G28: 0
A29: TREATMENT | B29: art_init | C29: art_init | D29: ART initiation (and re-initiation) | E29: sec_90 | F29: {=IF( INDEX( param_list_and_type!$F:$K, MATCH(1, (param_list_and_type!$A:$A=A29)* (param_list_and_type!$B:$B=B29)* (param_list_and_type!$C:$C=C29), 0), MATCH(E29, param_list_and_type!$F$1:$K$1, 0) )="X", "Yes", "No" )} -> Yes
A30: TREATMENT | B30: art_init | C30: art_init | D30: ART initiation (and re-initiation) | E30: third_90 | F30: {=IF( INDEX( param_list_and_type!$F:$K, MATCH(1, (param_list_and_type!$A:$A=A30)* (param_list_and_type!$B:$B=B30)* (param_list_and_type!$C:$C=C30), 0), MATCH(E30, param_list_and_type!$F$1:$K$1, 0) )="X", "Yes", "No" )} -> Yes
A31: TREATMENT | B31: art_init | C31: art_init | D31: ART initiation (and re-initiation) | E31: deaths | F31: {=IF( INDEX( param_list_and_type!$F:$K, MATCH(1, (param_list_and_type!$A:$A=A31)* (param_list_and_type!$B:$B=B31)* (param_list_and_type!$C:$C=C31), 0), MATCH(E31, param_list_and_type!$F$1:$K$1, 0) )="X", "Yes", "No" )} -> Yes
A32: TREATMENT | B32: vl_monitoring | C32: vl_targeted | D32: VL monitoring: suspected failure | E32: adult_inf | F32: {=IF( INDEX( param_list_and_type!$F:$K, MATCH(1, (param_list_and_type!$A:$A=A32)* (param_list_and_type!$B:$B=B32)* (param_list_and_type!$C:$C=C32), 0), MATCH(E32, param_list_and_type!$F$1:$K$1, 0) )="X", "Yes", "No" )} -> No | G32: 0
A33: TREATMENT | B33: vl_monitoring | C33: vl_targeted | D33: VL monitoring: suspected failure | E33: infant_inf | F33: {=IF( INDEX( param_list_and_type!$F:$K, MATCH(1, (param_list_and_type!$A:$A=A33)* (param_list_and_type!$B:$B=B33)* (param_list_and_type!$C:$C=C33), 0), MATCH(E33, param_list_and_type!$F$1:$K$1, 0) )="X", "Yes", "No" )} -> No | G33: 0
A34: TREATMENT | B34: vl_monitoring | C34: vl_targeted | D34: VL monitoring: suspected failure | E34: first_90 | F34: {=IF( INDEX( param_list_and_type!$F:$K, MATCH(1, (param_list_and_type!$A:$A=A34)* (param_list_and_type!$B:$B=B34)* (param_list_and_type!$C:$C=C34), 0), MATCH(E34, param_list_and_type!$F$1:$K$1, 0) )="X", "Yes", "No" )} -> No | G34: 0
A35: TREATMENT | B35: vl_monitoring | C35: vl_targeted | D35: VL monitoring: suspected failure | E35: sec_90 | F35: {=IF( INDEX( param_list_and_type!$F:$K, MATCH(1, (param_list_and_type!$A:$A=A35)* (param_list_and_type!$B:$B=B35)* (param_list_and_type!$C:$C=C35), 0), MATCH(E35, param_list_and_type!$F$1:$K$1, 0) )="X", "Yes", "No" )} -> No | G35: 0
A36: TREATMENT | B36: vl_monitoring | C36: vl_targeted | D36: VL monitoring: suspected failure | E36: third_90 | F36: {=IF( INDEX( param_list_and_type!$F:$K, MATCH(1, (param_list_and_type!$A:$A=A36)* (param_list_and_type!$B:$B=B36)* (param_list_and_type!$C:$C=C36), 0), MATCH(E36, param_list_and_type!$F$1:$K$1, 0) )="X", "Yes", "No" )} -> Yes
A37: TREATMENT | B37: vl_monitoring | C37: vl_targeted | D37: VL monitoring: suspected failure | E37: deaths | F37: {=IF( INDEX( param_list_and_type!$F:$K, MATCH(1, (param_list_and_type!$A:$A=A37)* (param_list_and_type!$B:$B=B37)* (param_list_and_type!$C:$C=C37), 0), MATCH(E37, param_list_and_type!$F$1:$K$1, 0) )="X", "Yes", "No" )} -> No | G37: 0
A38: TREATMENT | B38: vl_monitoring | C38: vl_routine | D38: Routine VL monitoring | E38: adult_inf | F38: {=IF( INDEX( param_list_and_type!$F:$K, MATCH(1, (param_list_and_type!$A:$A=A38)* (param_list_and_type!$B:$B=B38)* (param_list_and_type!$C:$C=C38), 0), MATCH(E38, param_list_and_type!$F$1:$K$1, 0) )="X", "Yes", "No" )} -> No | G38: 0
A39: TREATMENT | B39: vl_monitoring | C39: vl_routine | D39: Routine VL monitoring | E39: infant_inf | F39: {=IF( INDEX( param_list_and_type!$F:$K, MATCH(1, (param_list_and_type!$A:$A=A39)* (param_list_and_type!$B:$B=B39)* (param_list_and_type!$C:$C=C39), 0), MATCH(E39, param_list_and_type!$F$1:$K$1, 0) )="X", "Yes", "No" )} -> No | G39: 0
A40: TREATMENT | B40: vl_monitoring | C40: vl_routine | D40: Routine VL monitoring | E40: first_90 | F40: {=IF( INDEX( param_list_and_type!$F:$K, MATCH(1, (param_list_and_type!$A:$A=A40)* (param_list_and_type!$B:$B=B40)* (param_list_and_type!$C:$C=C40), 0), MATCH(E40, param_list_and_type!$F$1:$K$1, 0) )="X", "Yes", "No" )} -> No | G40: 0
A41: TREATMENT | B41: vl_monitoring | C41: vl_routine | D41: Routine VL monitoring | E41: sec_90 | F41: {=IF( INDEX( param_list_and_type!$F:$K, MATCH(1, (param_list_and_type!$A:$A=A41)* (param_list_and_type!$B:$B=B41)* (param_list_and_type!$C:$C=C41), 0), MATCH(E41, param_list_and_type!$F$1:$K$1, 0) )="X", "Yes", "No" )} -> No | G41: 0
A42: TREATMENT | B42: vl_monitoring | C42: vl_routine | D42: Routine VL monitoring | E42: third_90 | F42: {=IF( INDEX( param_list_and_type!$F:$K, MATCH(1, (param_list_and_type!$A:$A=A42)* (param_list_and_type!$B:$B=B42)* (param_list_and_type!$C:$C=C42), 0), MATCH(E42, param_list_and_type!$F$1:$K$1, 0) )="X", "Yes", "No" )} -> Yes
A43: TREATMENT | B43: vl_monitoring | C43: vl_routine | D43: Routine VL monitoring | E43: deaths | F43: {=IF( INDEX( param_list_and_type!$F:$K, MATCH(1, (param_list_and_type!$A:$A=A43)* (param_list_and_type!$B:$B=B43)* (param_list_and_type!$C:$C=C43), 0), MATCH(E43, param_list_and_type!$F$1:$K$1, 0) )="X", "Yes", "No" )} -> No | G43: 0
A44: TREATMENT | B44: oi_managment | C44: oi_tb_test | D44: OI: TB testing for symptomatic | E44: adult_inf | F44: {=IF( INDEX( param_list_and_type!$F:$K, MATCH(1, (param_list_and_type!$A:$A=A44)* (param_list_and_type!$B:$B=B44)* (param_list_and_type!$C:$C=C44), 0), MATCH(E44, param_list_and_type!$F$1:$K$1, 0) )="X", "Yes", "No" )} -> No | G44: 0
A45: TREATMENT | B45: oi_managment | C45: oi_tb_test | D45: OI: TB testing for symptomatic | E45: infant_inf | F45: {=IF( INDEX( param_list_and_type!$F:$K, MATCH(1, (param_list_and_type!$A:$A=A45)* (param_list_and_type!$B:$B=B45)* (param_list_and_type!$C:$C=C45), 0), MATCH(E45, param_list_and_type!$F$1:$K$1, 0) )="X", "Yes", "No" )} -> No | G45: 0
A46: TREATMENT | B46: oi_managment | C46: oi_tb_test | D46: OI: TB testing for symptomatic | E46: first_90 | F46: {=IF( INDEX( param_list_and_type!$F:$K, MATCH(1, (param_list_and_type!$A:$A=A46)* (param_list_and_type!$B:$B=B46)* (param_list_and_type!$C:$C=C46), 0), MATCH(E46, param_list_and_type!$F$1:$K$1, 0) )="X", "Yes", "No" )} -> No | G46: 0
A47: TREATMENT | B47: oi_managment | C47: oi_tb_test | D47: OI: TB testing for symptomatic | E47: sec_90 | F47: {=IF( INDEX( param_list_and_type!$F:$K, MATCH(1, (param_list_and_type!$A:$A=A47)* (param_list_and_type!$B:$B=B47)* (param_list_and_type!$C:$C=C47), 0), MATCH(E47, param_list_and_type!$F$1:$K$1, 0) )="X", "Yes", "No" )} -> No | G47: 0
A48: TREATMENT | B48: oi_managment | C48: oi_tb_test | D48: OI: TB testing for symptomatic | E48: third_90 | F48: {=IF( INDEX( param_list_and_type!$F:$K, MATCH(1, (param_list_and_type!$A:$A=A48)* (param_list_and_type!$B:$B=B48)* (param_list_and_type!$C:$C=C48), 0), MATCH(E48, param_list_and_type!$F$1:$K$1, 0) )="X", "Yes", "No" )} -> No | G48: 0
A49: TREATMENT | B49: oi_managment | C49: oi_tb_test | D49: OI: TB testing for symptomatic | E49: deaths | F49: {=IF( INDEX( param_list_and_type!$F:$K, MATCH(1, (param_list_and_type!$A:$A=A49)* (param_list_and_type!$B:$B=B49)* (param_list_and_type!$C:$C=C49), 0), MATCH(E49, param_list_and_type!$F$1:$K$1, 0) )="X", "Yes", "No" )} -> Yes
A50: TREATMENT | B50: oi_managment | C50: oi_tb_tpt | D50: OI: TB preventive therapy (TPT) | E50: adult_inf | F50: {=IF( INDEX( param_list_and_type!$F:$K, MATCH(1, (param_list_and_type!$A:$A=A50)* (param_list_and_type!$B:$B=B50)* (param_list_and_type!$C:$C=C50), 0), MATCH(E50, param_list_and_type!$F$1:$K$1, 0) )="X", "Yes", "No" )} -> No | G50: 0
A51: TREATMENT | B51: oi_managment | C51: oi_tb_tpt | D51: OI: TB preventive therapy (TPT) | E51: infant_inf | F51: {=IF( INDEX( param_list_and_type!$F:$K, MATCH(1, (param_list_and_type!$A:$A=A51)* (param_list_and_type!$B:$B=B51)* (param_list_and_type!$C:$C=C51), 0), MATCH(E51, param_list_and_type!$F$1:$K$1, 0) )="X", "Yes", "No" )} -> No | G51: 0
A52: TREATMENT | B52: oi_managment | C52: oi_tb_tpt | D52: OI: TB preventive therapy (TPT) | E52: first_90 | F52: {=IF( INDEX( param_list_and_type!$F:$K, MATCH(1, (param_list_and_type!$A:$A=A52)* (param_list_and_type!$B:$B=B52)* (param_list_and_type!$C:$C=C52), 0), MATCH(E52, param_list_and_type!$F$1:$K$1, 0) )="X", "Yes", "No" )} -> No | G52: 0
A53: TREATMENT | B53: oi_managment | C53: oi_tb_tpt | D53: OI: TB preventive therapy (TPT) | E53: sec_90 | F53: {=IF( INDEX( param_list_and_type!$F:$K, MATCH(1, (param_list_and_type!$A:$A=A53)* (param_list_and_type!$B:$B=B53)* (param_list_and_type!$C:$C=C53), 0), MATCH(E53, param_list_and_type!$F$1:$K$1, 0) )="X", "Yes", "No" )} -> No | G53: 0
A54: TREATMENT | B54: oi_managment | C54: oi_tb_tpt | D54: OI: TB preventive therapy (TPT) | E54: third_90 | F54: {=IF( INDEX( param_list_and_type!$F:$K, MATCH(1, (param_list_and_type!$A:$A=A54)* (param_list_and_type!$B:$B=B54)* (param_list_and_type!$C:$C=C54), 0), MATCH(E54, param_list_and_type!$F$1:$K$1, 0) )="X", "Yes", "No" )} -> No | G54: 0
A55: TREATMENT | B55: oi_managment | C55: oi_tb_tpt | D55: OI: TB preventive therapy (TPT) | E55: deaths | F55: {=IF( INDEX( param_list_and_type!$F:$K, MATCH(1, (param_list_and_type!$A:$A=A55)* (param_list_and_type!$B:$B=B55)* (param_list_and_type!$C:$C=C55), 0), MATCH(E55, param_list_and_type!$F$1:$K$1, 0) )="X", "Yes", "No" )} -> Yes | I55: 0.13 deaths averted per 100 PLHIV receiving TPT - 22% reduction compared with no TPT. 29 high inc countries, incoporated completion initiation, ART etc | J55: https://www.thelancet.com/journals/langlo/article/PIIS2214-109X%2823%2900251-6/fulltext
A56: TREATMENT | B56: oi_managment | C56: oi_tb_tx | D56: OI: TB treatment | E56: adult_inf | F56: {=IF( INDEX( param_list_and_type!$F:$K, MATCH(1, (param_list_and_type!$A:$A=A56)* (param_list_and_type!$B:$B=B56)* (param_list_and_type!$C:$C=C56), 0), MATCH(E56, param_list_and_type!$F$1:$K$1, 0) )="X", "Yes", "No" )} -> No | G56: 0
A57: TREATMENT | B57: oi_managment | C57: oi_tb_tx | D57: OI: TB treatment | E57: infant_inf | F57: {=IF( INDEX( param_list_and_type!$F:$K, MATCH(1, (param_list_and_type!$A:$A=A57)* (param_list_and_type!$B:$B=B57)* (param_list_and_type!$C:$C=C57), 0), MATCH(E57, param_list_and_type!$F$1:$K$1, 0) )="X", "Yes", "No" )} -> No | G57: 0
A58: TREATMENT | B58: oi_managment | C58: oi_tb_tx | D58: OI: TB treatment | E58: first_90 | F58: {=IF( INDEX( param_list_and_type!$F:$K, MATCH(1, (param_list_and_type!$A:$A=A58)* (param_list_and_type!$B:$B=B58)* (param_list_and_type!$C:$C=C58), 0), MATCH(E58, param_list_and_type!$F$1:$K$1, 0) )="X", "Yes", "No" )} -> No | G58: 0
A59: TREATMENT | B59: oi_managment | C59: oi_tb_tx | D59: OI: TB treatment | E59: sec_90 | F59: {=IF( INDEX( param_list_and_type!$F:$K, MATCH(1, (param_list_and_type!$A:$A=A59)* (param_list_and_type!$B:$B=B59)* (param_list_and_type!$C:$C=C59), 0), MATCH(E59, param_list_and_type!$F$1:$K$1, 0) )="X", "Yes", "No" )} -> No | G59: 0
A60: TREATMENT | B60: oi_managment | C60: oi_tb_tx | D60: OI: TB treatment | E60: third_90 | F60: {=IF( INDEX( param_list_and_type!$F:$K, MATCH(1, (param_list_and_type!$A:$A=A60)* (param_list_and_type!$B:$B=B60)* (param_list_and_type!$C:$C=C60), 0), MATCH(E60, param_list_and_type!$F$1:$K$1, 0) )="X", "Yes", "No" )} -> No | G60: 0
A61: TREATMENT | B61: oi_managment | C61: oi_tb_tx | D61: OI: TB treatment | E61: deaths | F61: {=IF( INDEX( param_list_and_type!$F:$K, MATCH(1, (param_list_and_type!$A:$A=A61)* (param_list_and_type!$B:$B=B61)* (param_list_and_type!$C:$C=C61), 0), MATCH(E61, param_list_and_type!$F$1:$K$1, 0) )="X", "Yes", "No" )} -> Yes | G61: 0.79 | I61: Global treatment success for PLHIV with TB starting TB treatment | J61: WHO Global TB profile: https://worldhealthorg.shinyapps.io/tb_profiles/?_inputs_&tab=%22tables%22&lan=%22EN%22&iso3=%22AFG%22&entity_type=%22group%22&group_code=%22global%22
A62: TREATMENT | B62: oi_managment | C62: oi_crypto_tx | D62: OI: Cryptococcal treatment | E62: adult_inf | F62: {=IF( INDEX( param_list_and_type!$F:$K, MATCH(1, (param_list_and_type!$A:$A=A62)* (param_list_and_type!$B:$B=B62)* (param_list_and_type!$C:$C=C62), 0), MATCH(E62, param_list_and_type!$F$1:$K$1, 0) )="X", "Yes", "No" )} -> No | G62: 0
A63: TREATMENT | B63: oi_managment | C63: oi_crypto_tx | D63: OI: Cryptococcal treatment | E63: infant_inf | F63: {=IF( INDEX( param_list_and_type!$F:$K, MATCH(1, (param_list_and_type!$A:$A=A63)* (param_list_and_type!$B:$B=B63)* (param_list_and_type!$C:$C=C63), 0), MATCH(E63, param_list_and_type!$F$1:$K$1, 0) )="X", "Yes", "No" )} -> No | G63: 0
A64: TREATMENT | B64: oi_managment | C64: oi_crypto_tx | D64: OI: Cryptococcal treatment | E64: first_90 | F64: {=IF( INDEX( param_list_and_type!$F:$K, MATCH(1, (param_list_and_type!$A:$A=A64)* (param_list_and_type!$B:$B=B64)* (param_list_and_type!$C:$C=C64), 0), MATCH(E64, param_list_and_type!$F$1:$K$1, 0) )="X", "Yes", "No" )} -> No | G64: 0
A65: TREATMENT | B65: oi_managment | C65: oi_crypto_tx | D65: OI: Cryptococcal treatment | E65: sec_90 | F65: {=IF( INDEX( param_list_and_type!$F:$K, MATCH(1, (param_list_and_type!$A:$A=A65)* (param_list_and_type!$B:$B=B65)* (param_list_and_type!$C:$C=C65), 0), MATCH(E65, param_list_and_type!$F$1:$K$1, 0) )="X", "Yes", "No" )} -> No | G65: 0
A66: TREATMENT | B66: oi_managment | C66: oi_crypto_tx | D66: OI: Cryptococcal treatment | E66: third_90 | F66: {=IF( INDEX( param_list_and_type!$F:$K, MATCH(1, (param_list_and_type!$A:$A=A66)* (param_list_and_type!$B:$B=B66)* (param_list_and_type!$C:$C=C66), 0), MATCH(E66, param_list_and_type!$F$1:$K$1, 0) )="X", "Yes", "No" )} -> No | G66: 0
A67: TREATMENT | B67: oi_managment | C67: oi_crypto_tx | D67: OI: Cryptococcal treatment | E67: deaths | F67: {=IF( INDEX( param_list_and_type!$F:$K, MATCH(1, (param_list_and_type!$A:$A=A67)* (param_list_and_type!$B:$B=B67)* (param_list_and_type!$C:$C=C67), 0), MATCH(E67, param_list_and_type!$F$1:$K$1, 0) )="X", "Yes", "No" )} -> Yes
A68: TREATMENT | B68: ahd | C68: ahd_lam | D68: AHD: LAM for Stage 3/4 / seriously ill | E68: adult_inf | F68: {=IF( INDEX( param_list_and_type!$F:$K, MATCH(1, (param_list_and_type!$A:$A=A68)* (param_list_and_type!$B:$B=B68)* (param_list_and_type!$C:$C=C68), 0), MATCH(E68, param_list_and_type!$F$1:$K$1, 0) )="X", "Yes", "No" )} -> No | G68: 0
A69: TREATMENT | B69: ahd | C69: ahd_lam | D69: AHD: LAM for Stage 3/4 / seriously ill | E69: infant_inf | F69: {=IF( INDEX( param_list_and_type!$F:$K, MATCH(1, (param_list_and_type!$A:$A=A69)* (param_list_and_type!$B:$B=B69)* (param_list_and_type!$C:$C=C69), 0), MATCH(E69, param_list_and_type!$F$1:$K$1, 0) )="X", "Yes", "No" )} -> No | G69: 0
A70: TREATMENT | B70: ahd | C70: ahd_lam | D70: AHD: LAM for Stage 3/4 / seriously ill | E70: first_90 | F70: {=IF( INDEX( param_list_and_type!$F:$K, MATCH(1, (param_list_and_type!$A:$A=A70)* (param_list_and_type!$B:$B=B70)* (param_list_and_type!$C:$C=C70), 0), MATCH(E70, param_list_and_type!$F$1:$K$1, 0) )="X", "Yes", "No" )} -> No | G70: 0
A71: TREATMENT | B71: ahd | C71: ahd_lam | D71: AHD: LAM for Stage 3/4 / seriously ill | E71: sec_90 | F71: {=IF( INDEX( param_list_and_type!$F:$K, MATCH(1, (param_list_and_type!$A:$A=A71)* (param_list_and_type!$B:$B=B71)* (param_list_and_type!$C:$C=C71), 0), MATCH(E71, param_list_and_type!$F$1:$K$1, 0) )="X", "Yes", "No" )} -> No | G71: 0
A72: TREATMENT | B72: ahd | C72: ahd_lam | D72: AHD: LAM for Stage 3/4 / seriously ill | E72: third_90 | F72: {=IF( INDEX( param_list_and_type!$F:$K, MATCH(1, (param_list_and_type!$A:$A=A72)* (param_list_and_type!$B:$B=B72)* (param_list_and_type!$C:$C=C72), 0), MATCH(E72, param_list_and_type!$F$1:$K$1, 0) )="X", "Yes", "No" )} -> No | G72: 0
A73: TREATMENT | B73: ahd | C73: ahd_lam | D73: AHD: LAM for Stage 3/4 / seriously ill | E73: deaths | F73: {=IF( INDEX( param_list_and_type!$F:$K, MATCH(1, (param_list_and_type!$A:$A=A73)* (param_list_and_type!$B:$B=B73)* (param_list_and_type!$C:$C=C73), 0), MATCH(E73, param_list_and_type!$F$1:$K$1, 0) )="X", "Yes", "No" )} -> Yes
A74: TREATMENT | B74: ahd | C74: ahd_crag | D74: AHD: CRAG for Stage 3/4 / IPD | E74: adult_inf | F74: {=IF( INDEX( param_list_and_type!$F:$K, MATCH(1, (param_list_and_type!$A:$A=A74)* (param_list_and_type!$B:$B=B74)* (param_list_and_type!$C:$C=C74), 0), MATCH(E74, param_list_and_type!$F$1:$K$1, 0) )="X", "Yes", "No" )} -> No | G74: 0
A75: TREATMENT | B75: ahd | C75: ahd_crag | D75: AHD: CRAG for Stage 3/4 / IPD | E75: infant_inf | F75: {=IF( INDEX( param_list_and_type!$F:$K, MATCH(1, (param_list_and_type!$A:$A=A75)* (param_list_and_type!$B:$B=B75)* (param_list_and_type!$C:$C=C75), 0), MATCH(E75, param_list_and_type!$F$1:$K$1, 0) )="X", "Yes", "No" )} -> No | G75: 0
A76: TREATMENT | B76: ahd | C76: ahd_crag | D76: AHD: CRAG for Stage 3/4 / IPD | E76: first_90 | F76: {=IF( INDEX( param_list_and_type!$F:$K, MATCH(1, (param_list_and_type!$A:$A=A76)* (param_list_and_type!$B:$B=B76)* (param_list_and_type!$C:$C=C76), 0), MATCH(E76, param_list_and_type!$F$1:$K$1, 0) )="X", "Yes", "No" )} -> No | G76: 0
A77: TREATMENT | B77: ahd | C77: ahd_crag | D77: AHD: CRAG for Stage 3/4 / IPD | E77: sec_90 | F77: {=IF( INDEX( param_list_and_type!$F:$K, MATCH(1, (param_list_and_type!$A:$A=A77)* (param_list_and_type!$B:$B=B77)* (param_list_and_type!$C:$C=C77), 0), MATCH(E77, param_list_and_type!$F$1:$K$1, 0) )="X", "Yes", "No" )} -> No | G77: 0
A78: TREATMENT | B78: ahd | C78: ahd_crag | D78: AHD: CRAG for Stage 3/4 / IPD | E78: third_90 | F78: {=IF( INDEX( param_list_and_type!$F:$K, MATCH(1, (param_list_and_type!$A:$A=A78)* (param_list_and_type!$B:$B=B78)* (param_list_and_type!$C:$C=C78), 0), MATCH(E78, param_list_and_type!$F$1:$K$1, 0) )="X", "Yes", "No" )} -> No | G78: 0
A79: TREATMENT | B79: ahd | C79: ahd_crag | D79: AHD: CRAG for Stage 3/4 / IPD | E79: deaths | F79: {=IF( INDEX( param_list_and_type!$F:$K, MATCH(1, (param_list_and_type!$A:$A=A79)* (param_list_and_type!$B:$B=B79)* (param_list_and_type!$C:$C=C79), 0), MATCH(E79, param_list_and_type!$F$1:$K$1, 0) )="X", "Yes", "No" )} -> Yes
A80: TREATMENT | B80: ahd | C80: ahd_cd4 | D80: AHD: CD4 testing | E80: adult_inf | F80: {=IF( INDEX( param_list_and_type!$F:$K, MATCH(1, (param_list_and_type!$A:$A=A80)* (param_list_and_type!$B:$B=B80)* (param_list_and_type!$C:$C=C80), 0), MATCH(E80, param_list_and_type!$F$1:$K$1, 0) )="X", "Yes", "No" )} -> No | G80: 0
A81: TREATMENT | B81: ahd | C81: ahd_cd4 | D81: AHD: CD4 testing | E81: infant_inf | F81: {=IF( INDEX( param_list_and_type!$F:$K, MATCH(1, (param_list_and_type!$A:$A=A81)* (param_list_and_type!$B:$B=B81)* (param_list_and_type!$C:$C=C81), 0), MATCH(E81, param_list_and_type!$F$1:$K$1, 0) )="X", "Yes", "No" )} -> No | G81: 0
A82: TREATMENT | B82: ahd | C82: ahd_cd4 | D82: AHD: CD4 testing | E82: first_90 | F82: {=IF( INDEX( param_list_and_type!$F:$K, MATCH(1, (param_list_and_type!$A:$A=A82)* (param_list_and_type!$B:$B=B82)* (param_list_and_type!$C:$C=C82), 0), MATCH(E82, param_list_and_type!$F$1:$K$1, 0) )="X", "Yes", "No" )} -> No | G82: 0
A83: TREATMENT | B83: ahd | C83: ahd_cd4 | D83: AHD: CD4 testing | E83: sec_90 | F83: {=IF( INDEX( param_list_and_type!$F:$K, MATCH(1, (param_list_and_type!$A:$A=A83)* (param_list_and_type!$B:$B=B83)* (param_list_and_type!$C:$C=C83), 0), MATCH(E83, param_list_and_type!$F$1:$K$1, 0) )="X", "Yes", "No" )} -> No | G83: 0
A84: TREATMENT | B84: ahd | C84: ahd_cd4 | D84: AHD: CD4 testing | E84: third_90 | F84: {=IF( INDEX( param_list_and_type!$F:$K, MATCH(1, (param_list_and_type!$A:$A=A84)* (param_list_and_type!$B:$B=B84)* (param_list_and_type!$C:$C=C84), 0), MATCH(E84, param_list_and_type!$F$1:$K$1, 0) )="X", "Yes", "No" )} -> No | G84: 0
A85: TREATMENT | B85: ahd | C85: ahd_cd4 | D85: AHD: CD4 testing | E85: deaths | F85: {=IF( INDEX( param_list_and_type!$F:$K, MATCH(1, (param_list_and_type!$A:$A=A85)* (param_list_and_type!$B:$B=B85)* (param_list_and_type!$C:$C=C85), 0), MATCH(E85, param_list_and_type!$F$1:$K$1, 0) )="X", "Yes", "No" )} -> Yes
A86: TREATMENT | B86: ahd | C86: ahd_flucon | D86: AHD: Pre-emptive fluconazole | E86: adult_inf | F86: {=IF( INDEX( param_list_and_type!$F:$K, MATCH(1, (param_list_and_type!$A:$A=A86)* (param_list_and_type!$B:$B=B86)* (param_list_and_type!$C:$C=C86), 0), MATCH(E86, param_list_and_type!$F$1:$K$1, 0) )="X", "Yes", "No" )} -> No | G86: 0
A87: TREATMENT | B87: ahd | C87: ahd_flucon | D87: AHD: Pre-emptive fluconazole | E87: infant_inf | F87: {=IF( INDEX( param_list_and_type!$F:$K, MATCH(1, (param_list_and_type!$A:$A=A87)* (param_list_and_type!$B:$B=B87)* (param_list_and_type!$C:$C=C87), 0), MATCH(E87, param_list_and_type!$F$1:$K$1, 0) )="X", "Yes", "No" )} -> No | G87: 0
A88: TREATMENT | B88: ahd | C88: ahd_flucon | D88: AHD: Pre-emptive fluconazole | E88: first_90 | F88: {=IF( INDEX( param_list_and_type!$F:$K, MATCH(1, (param_list_and_type!$A:$A=A88)* (param_list_and_type!$B:$B=B88)* (param_list_and_type!$C:$C=C88), 0), MATCH(E88, param_list_and_type!$F$1:$K$1, 0) )="X", "Yes", "No" )} -> No | G88: 0
A89: TREATMENT | B89: ahd | C89: ahd_flucon | D89: AHD: Pre-emptive fluconazole | E89: sec_90 | F89: {=IF( INDEX( param_list_and_type!$F:$K, MATCH(1, (param_list_and_type!$A:$A=A89)* (param_list_and_type!$B:$B=B89)* (param_list_and_type!$C:$C=C89), 0), MATCH(E89, param_list_and_type!$F$1:$K$1, 0) )="X", "Yes", "No" )} -> No | G89: 0
A90: TREATMENT | B90: ahd | C90: ahd_flucon | D90: AHD: Pre-emptive fluconazole | E90: third_90 | F90: {=IF( INDEX( param_list_and_type!$F:$K, MATCH(1, (param_list_and_type!$A:$A=A90)* (param_list_and_type!$B:$B=B90)* (param_list_and_type!$C:$C=C90), 0), MATCH(E90, param_list_and_type!$F$1:$K$1, 0) )="X", "Yes", "No" )} -> No | G90: 0
A91: TREATMENT | B91: ahd | C91: ahd_flucon | D91: AHD: Pre-emptive fluconazole | E91: deaths | F91: {=IF( INDEX( param_list_and_type!$F:$K, MATCH(1, (param_list_and_type!$A:$A=A91)* (param_list_and_type!$B:$B=B91)* (param_list_and_type!$C:$C=C91), 0), MATCH(E91, param_list_and_type!$F$1:$K$1, 0) )="X", "Yes", "No" )} -> Yes
A92: TREATMENT | B92: tracking | C92: tracking_total | D92: Tracking & tracing (total) | E92: adult_inf | F92: {=IF( INDEX( param_list_and_type!$F:$K, MATCH(1, (param_list_and_type!$A:$A=A92)* (param_list_and_type!$B:$B=B92)* (param_list_and_type!$C:$C=C92), 0), MATCH(E92, param_list_and_type!$F$1:$K$1, 0) )="X", "Yes", "No" )} -> No | G92: 0
A93: TREATMENT | B93: tracking | C93: tracking_total | D93: Tracking & tracing (total) | E93: infant_inf | F93: {=IF( INDEX( param_list_and_type!$F:$K, MATCH(1, (param_list_and_type!$A:$A=A93)* (param_list_and_type!$B:$B=B93)* (param_list_and_type!$C:$C=C93), 0), MATCH(E93, param_list_and_type!$F$1:$K$1, 0) )="X", "Yes", "No" )} -> No | G93: 0
A94: TREATMENT | B94: tracking | C94: tracking_total | D94: Tracking & tracing (total) | E94: first_90 | F94: {=IF( INDEX( param_list_and_type!$F:$K, MATCH(1, (param_list_and_type!$A:$A=A94)* (param_list_and_type!$B:$B=B94)* (param_list_and_type!$C:$C=C94), 0), MATCH(E94, param_list_and_type!$F$1:$K$1, 0) )="X", "Yes", "No" )} -> No | G94: 0
A95: TREATMENT | B95: tracking | C95: tracking_total | D95: Tracking & tracing (total) | E95: sec_90 | F95: {=IF( INDEX( param_list_and_type!$F:$K, MATCH(1, (param_list_and_type!$A:$A=A95)* (param_list_and_type!$B:$B=B95)* (param_list_and_type!$C:$C=C95), 0), MATCH(E95, param_list_and_type!$F$1:$K$1, 0) )="X", "Yes", "No" )} -> Yes
A96: TREATMENT | B96: tracking | C96: tracking_total | D96: Tracking & tracing (total) | E96: third_90 | F96: {=IF( INDEX( param_list_and_type!$F:$K, MATCH(1, (param_list_and_type!$A:$A=A96)* (param_list_and_type!$B:$B=B96)* (param_list_and_type!$C:$C=C96), 0), MATCH(E96, param_list_and_type!$F$1:$K$1, 0) )="X", "Yes", "No" )} -> Yes
A97: TREATMENT | B97: tracking | C97: tracking_total | D97: Tracking & tracing (total) | E97: deaths | F97: {=IF( INDEX( param_list_and_type!$F:$K, MATCH(1, (param_list_and_type!$A:$A=A97)* (param_list_and_type!$B:$B=B97)* (param_list_and_type!$C:$C=C97), 0), MATCH(E97, param_list_and_type!$F$1:$K$1, 0) )="X", "Yes", "No" )} -> Yes
A98: TREATMENT | B98: psychoscocial | C98: fac_education | D98: Facility Patient Education | E98: adult_inf | F98: {=IF( INDEX( param_list_and_type!$F:$K, MATCH(1, (param_list_and_type!$A:$A=A98)* (param_list_and_type!$B:$B=B98)* (param_list_and_type!$C:$C=C98), 0), MATCH(E98, param_list_and_type!$F$1:$K$1, 0) )="X", "Yes", "No" )} -> No | G98: 0
A99: TREATMENT | B99: psychoscocial | C99: fac_education | D99: Facility Patient Education | E99: infant_inf | F99: {=IF( INDEX( param_list_and_type!$F:$K, MATCH(1, (param_list_and_type!$A:$A=A99)* (param_list_and_type!$B:$B=B99)* (param_list_and_type!$C:$C=C99), 0), MATCH(E99, param_list_and_type!$F$1:$K$1, 0) )="X", "Yes", "No" )} -> No | G99: 0
A100: TREATMENT | B100: psychoscocial | C100: fac_education | D100: Facility Patient Education | E100: first_90 | F100: {=IF( INDEX( param_list_and_type!$F:$K, MATCH(1, (param_list_and_type!$A:$A=A100)* (param_list_and_type!$B:$B=B100)* (param_list_and_type!$C:$C=C100), 0), MATCH(E100, param_list_and_type!$F$1:$K$1, 0) )="X", "Yes", "No" )} -> No | G100: 0
...

Sheet other_key_values
A1: hiv_mortality_not_on_art
A2: hiv_mortality_on_art
A3: hiv_mortality_VS
A4: hiv_mortality_not_vs
A5: mtct_rate_on_art | B5: 15-45% | C5: https://www.who.int/teams/global-hiv-hepatitis-and-stis-programmes/hiv/prevention/mother-to-child-transmission-of-hiv
A6: mtct_rate_not_on_art | B6: <5% | C6: https://www.unaids.org/sites/default/files/media_asset/FactSheet_Children_en.pdf
A7: TB mortality without treatment
A25: =630000/40800000 -> 0.015441176

Sheet params_cost
A1: area | B1: component | C1: id | D1: label | E1: unit_cost | F1: source
A2: TREATMENT | B2: art_cont | C2: art_provision | D2: ART provision for all
A3: TREATMENT | B3: art_cont | C3: mmd | D3: MMD (multi-month dispensing)
A4: TREATMENT | B4: art_cont | C4: dsd | D4: DSD (differentiated service delivery)
A5: TREATMENT | B5: oi_prophylaxis | C5: cotrim | D5: Cotrimoxazole prophylaxis
A6: TREATMENT | B6: art_init | C6: art_init | D6: ART initiation (and re-initiation)
A7: TREATMENT | B7: vl_monitoring | C7: vl_targeted | D7: VL monitoring: suspected failure
A8: TREATMENT | B8: vl_monitoring | C8: vl_routine | D8: Routine VL monitoring
A9: TREATMENT | B9: oi_managment | C9: oi_tb_test | D9: OI: TB testing for symptomatic
A10: TREATMENT | B10: oi_managment | C10: oi_tb_tpt | D10: OI: TB preventive therapy (TPT)
A11: TREATMENT | B11: oi_managment | C11: oi_tb_tx | D11: OI: TB treatment
A12: TREATMENT | B12: oi_managment | C12: oi_crypto_tx | D12: OI: Cryptococcal treatment
A13: TREATMENT | B13: ahd | C13: ahd_lam | D13: AHD: LAM for Stage 3/4 / seriously ill
... A32: PREVENTION | B32: vmmc | C32: vmmc | D32: VMMC
A33: ANC | B33: anc_hiv_test | D33: ANC: HIV testing
A34: ANC | B34: eID | D34: EID (early infant diagnosis)
A35: ANC | B35: anc_vl_testing | D35: ANC: Viral Load Testing
